[
  {
    "count": 4,
    "description": "UNO is the classic family card game that's easy to learn and so much fun to play!",
    "id": "7567ec4b-b10c-48c5-9345-fc73c48a80aa",
    "price": 9.99,
    "title": "UNO"
  },
  {
    "count": 6,
    "description": "A Russian Roulette Card Game, Easy Family-Friendly Party Games",
    "id": "7567ec4b-b10c-48c5-9345-fc73c48a80a0",
    "price": 15.99,
    "title": "Exploding Kittens"
  },
  {
    "count": 7,
    "description": "The Relationship Game Full of Questions for Couples",
    "id": "7567ec4b-b10c-48c5-9345-fc73c48a80a2",
    "price": 23,
    "title": "Let's Get Deep"
  },
  {
    "count": 12,
    "description": "Cards Against Humanity is a party game for horrible people",
    "id": "7567ec4b-b10c-48c5-9345-fc73c48a80a1",
    "price": 25,
    "title": "Cards Against Humanity"
  },
  {
    "count": 7,
    "description": "Card Game of Smart Questions",
    "id": "7567ec4b-b10c-48c5-9345-fc73c48a80a3",
    "price": 23,
    "title": "Guess in 10"
  },
  {
    "count": 8,
    "description": "PLAY IT ANY TIME ANY PLACE- Convenient take anywhere size game",
    "id": "7567ec4b-b10c-48c5-9345-fc73348a80a1",
    "price": 15,
    "title": "Taco Cat Goat Cheese Pizza"
  },
  {
    "count": 2,
    "description": "The Wildly Popular Surprisingly Strategic Card",
    "id": "7567ec4b-b10c-48c5-9445-fc73c48a80a2",
    "price": 23,
    "title": "Taco vs Burrito"
  },
  {
    "count": 3,
    "description": "Card Game for Kids and Families, Super Fun Hilarious for Family Party",
    "id": "7567ec4b-b10c-45c5-9345-fc73c48a80a1",
    "price": 15,
    "title": "Kids Against Maturity"
  }
]
